No;Description
1;prf-hp100x6
2;prf-hp100x8
3;prf-hp120x6
4;prf-hp120x8
5;prf-hp140x7
6;prf-hp160x7
7;prf-hp160x9
8;prf-hp180x8
9;prf-hp180x9
10;prf-hp180x10
11;prf-hp200x9
12;prf-hp200x10
13;prf-hp220x10
14;prf-hp220x12
15;prf-hp240x10
16;prf-hp240x12
17;prf-hp260x10
18;prf-hp280x11
19;prf-hp300x11
20;prf-hp300x13
21;prf-l180x22
22;prf-l200x24
23;prf-l200x28
24;prf-rb60
25;prf-rb35
26;prf-pipe114.3x8
27;prf-pipe101.6x10
28;prf-rhs100x5
29;prf-rhs100x6
30;prf-rhs100x8
31;prf-rhs100x10
32;prf-rhs120x7
33;prf-rhs120x10
34;prf-rhs150x100x5
35;prf-rhs150x6
36;prf-rhs150x8
37;prf-rhs180x8
38;prf-rhs180x10
39;prf-rhs180x12.5
40;prf-rhs200x10
41;prf-he100B
42;prf-he200B
43;prf-rhs150x10
44;prf-fb25x5
45;prf-fb25x6
46;prf-fb50x6
47;prf-fb50x8
48;prf-fb50x10
49;prf-fb50x12
50;prf-fb50x14
51;prf-fb50x20
52;prf-fb75x6
53;prf-fb100x6
54;prf-fb100x7
55;prf-fb100x8
56;prf-fb100x9
57;prf-fb100x10
58;prf-fb100x11
59;prf-fb100x12
60;prf-fb100x15
61;prf-fb120x6
62;prf-fb120x10
63;prf-fb120x12
64;prf-fb120x15
65;prf-fb125x25
66;prf-fb140x10
67;prf-fb150x10
68;prf-fb150x10.5
69;prf-fb150x12
70;prf-fb150x15
71;prf-fb150x20
72;prf-fb150x25
73;prf-fb160x10
74;prf-fb160x15
75;prf-fb200x12
76;prf-fb200x15
77;prf-fb200x20
78;prf-fb200x25
79;prf-fb250x20
80;prf-fb250x25
81;prf-fb300x7
82;prf-fb300x8
83;prf-fb350x6
